{
    "character":[
        {
            "name":"艾瑞克",
            "introduction": "隱居在歌劇院的「魅影」。出生於法國魯昂，生來其貌不揚，只能以面具掩面。但是他才華橫溢，擅長作曲和建造各種機關暗器。父母不喜歡他，因此他逃離了家，曾加入吉普賽人團體，後來又遊歷世界。他在波斯得到國王和公主的重用，並參與馬贊德蘭省行宮的修建。但此後他因故失寵被判死刑，幸得波斯警官達洛迦相助才逃到君士坦丁堡。在君士坦丁堡，艾瑞克又效力於土耳其鄂圖曼帝國的國王，同樣負責建造宮殿。之後他回到法國，並暗中參與巴黎歌劇院的建設，在歌劇院的牆壁裡和地下室布滿機關和密室。"
        },
        {
            "name":"克里斯汀·黛也",
            "introduction":"女主角，瑞典裔20歲女高音，心智年齡16歲，父親早亡。她畢業於音樂學校，後來在歌劇院擔任伴舞與伴唱。艾瑞克暗戀她而教她歌唱以接近她，但她將他視為恩師「音樂天使」敬畏。原本不知道他即是音樂天使。後來在艾瑞克的暗中操作下，克里斯汀取代了卡爾洛塔，成為了首席女高音。與身為青梅竹馬的勞爾互相喜歡，最後與他遠走高飛。"
        },
        {
            "name":"勞爾",
            "introduction":"法國貴族，子爵，克里斯汀幼年的玩伴，以優異成績畢業官校的海軍，魅影的情敵。最後魅影放過了他們。勞爾和克里斯汀踏上了北去的列車，去了一個最偏遠的地方。"
        },
        {
            "name":"達洛迦",
            "introduction":"波斯人，原為波斯的警察長官，因為同情並放走了艾瑞克而被撤職。他知道魅影過去的故事，也是魅影死前唯一一個可以與之談心的人。"
        },
        {
            "name":"菲利浦·夏尼",
            "introduction":"法國貴族，伯爵，勞爾的哥哥，反對勞爾與克莉絲汀的感情。"
        },
        {
            "name":"喬瑟夫·布葛",
            "introduction":"歌劇院的布景師，因為發現了魅影的秘密而被魅影吊死在舞台上。"
        },
        {
            "name":"卡爾洛塔",
            "introduction":"歌劇院的首席女高音，本來是很照顧克里斯汀的前輩，後因謠言說克莉絲汀陷害自己而討厭她。"
        },
        {
            "name":"神秘黑影",
            "introduction":"同樣生活在地下室，一個比艾瑞克更可怕的神秘人物。他唯一一次現身時披著長斗篷，在漆黑的地下室裡不提燈籠地前行。波斯人都認識他，但不願提起任何細節。"
        }
    ],
    "about":[
        {
            "string":"《歌劇魅影》（法語：Le Fantôme de l'Opéra）是一本由法國作家卡斯頓·勒胡所(Caston Leroux, 1868 ~1927)撰著的愛情驚悚小說。他擅長在劇情發展最緊急恐怖的時候，也不忘來點黑色幽默。歌劇魅影的創作靈感來自於一樁真實意外: 「1896年歌劇院一大吊燈無端落下砸死人。」依靠想像和真實事件融合的一場悲情故事。法文版原著在1910年時出版，1911年時首度被翻譯成英文版。音樂劇於1986年首演，作曲由安德魯·洛伊·韋伯創作，對白和歌詞由Richard Stilgoe創作。於1988年獲得七項東尼獎。故事以19世紀時法國的巴黎歌劇院（法語：Opéra de Paris）為舞台，描述一個年輕的女歌劇演員克莉絲汀‧黛也、一個年輕貴族勞爾與一個躲藏在歌劇院地底的天才音樂怪人（魅影）之間的愛情故事。"
        }
    ]
}