[
    {"firstname": "何", "lastname": "孟勳", "account": "Toby511333", "birth": "2000/10/16", "email": "s1081730@gm.pu.edu.tw", "permission": "1"},
    {"firstname": "廖", "lastname": "宥鈞", "account": "You_Jun", "birth": "2000/01/01", "email": "s1085543@gm.pu.edu.tw", "permission": "1"},
    {"firstname": "李", "lastname": "偉全", "account": "Wei_Quan", "birth": "2000/01/01", "email": "s1085551@gm.pu.edu.tw", "permission": "1"},
    {"firstname": "黃", "lastname": "浚瑋", "account": "Jun_Wei", "birth": "2000/01/01", "email": "s1087042@gm.pu.edu.tw", "permission": "1"},
    {"firstname": "無", "lastname": "名氏", "account": "wooooo", "birth": "2000/01/01", "email": "s1080000@gm.pu.edu.tw", "permission": "2"},
    {"firstname": "外", "lastname": "人員", "account": "wiiiii", "birth": "2000/01/01", "email": "s1080001@gm.pu.edu.tw", "permission": "3"}
]